name,cat,url
HouseAds2,ADVERTISEMENTS,https://github.com/p32929/HouseAds2
MyHouseAdsAndroid,ADVERTISEMENTS,https://github.com/p32929/MyHouseAdsAndroid
AppCrossPromoter,ADVERTISEMENTS,https://github.com/hummatli/AppCrossPromoter
HouseAds,ADVERTISEMENTS,https://www.github.com/ItzNotABug/HouseAds
Smart Ad For Android,ADVERTISEMENTS,https://github.com/ShockUtility/SmartAdForAndroid
TedAdHelper,ADVERTISEMENTS,https://github.com/ParkSangGwon/TedAdHelper
Admobadapter,ADVERTISEMENTS,https://github.com/clockbyte/admobadapter
appodeal-sdk-wrapper,ADVERTISEMENTS,https://github.com/pamartineza/appodeal-sdk-wrapper
Amazon Product Advertising API Request Builder,ADVERTISEMENTS,https://github.com/ISchwarz23/Amazon-Product-Advertising-API-URL-Builder
Easy Ads,ADVERTISEMENTS,https://github.com/iamhabib/easy-ads
AdBlockerDetector,ADVERTISEMENTS,https://github.com/Swisyn/AdBlockerDetector
AndroidAds,ADVERTISEMENTS,https://github.com/nate-eisner/android-ads
AdBlockerAdvise,ADVERTISEMENTS,https://github.com/javiersantos/AdBlockerAdvise
Pollfish,ADVERTISEMENTS,https://www.pollfish.com
Tapjoy,ADVERTISEMENTS,http://home.tapjoy.com
MoPub,ADVERTISEMENTS,https://www.mopub.com/en
mobileCore,ADVERTISEMENTS,https://www.mobilecore.com
InMobi,ADVERTISEMENTS,http://www.inmobi.com
Google Mobile Ads SDK,ADVERTISEMENTS,https://developers.google.com/mobile-ads-sdk
AdMob,ADVERTISEMENTS,https://www.google.com/admob/
UserExperior,ANALYTICS,https://www.userexperior.com
WinAnalytics,ANALYTICS,https://github.com/Winfooz/WinAnalytics
Raincoat,ANALYTICS,https://github.com/matteocrippa/Raincoat
gAnalytics,ANALYTICS,https://github.com/programmerr47/ganalytics
DarylAndroidTracker,ANALYTICS,https://github.com/guitcastro/DarylAndroidTracker
Dream Catcher,ANALYTICS,https://github.com/misakuo/Dream-Catcher
AnalyticsKit-Android,ANALYTICS,https://github.com/busybusy/AnalyticsKit-Android
BloodHound,ANALYTICS,https://github.com/kibotu/BloodHound
Tracklytics,ANALYTICS,https://github.com/orhanobut/tracklytics
StreetHawk,ANALYTICS,http://www.streethawk.com
Google Analytics Annotations,ANALYTICS,https://github.com/mbiamont/google-analytics-annotations
Foam,ANALYTICS,https://github.com/percolate/foam
New Relic,ANALYTICS,http://newrelic.com
Piwik,ANALYTICS,https://github.com/piwik/piwik
Keynote,ANALYTICS,http://www.keynote.com
Telerik Analytics,ANALYTICS,http://www.telerik.com/analytics
Parse Analytics,ANALYTICS,https://github.com/ParsePlatform/parse-server
Localytics,ANALYTICS,http://www.localytics.com
Kochava,ANALYTICS,http://www.kochava.com
Flurry,ANALYTICS,http://www.flurry.com
Countly,ANALYTICS,https://count.ly
Yandex Metrica,ANALYTICS,https://appmetrica.yandex.com
Google Analytics,ANALYTICS,https://developers.google.com/analytics/devguides/collection/android
Android Wave Recorder,AUDIO,https://github.com/squti/Android-Wave-Recorder
Music visualization,AUDIO,https://github.com/AlShevelev/music-visualization
Audio Recorder,AUDIO,https://github.com/Dimowner/AudioRecorder
NaraeAudioRecorder,AUDIO,https://github.com/WindSekirun/NaraeAudioRecorder
aaudio-api-sample-app,AUDIO,https://github.com/AliAsadi/aaudio-api-sample-app
AudioView,AUDIO,https://github.com/4eRTuk/audioview
RecordDialog,AUDIO,https://github.com/IvanSotelo/RecordDialog/
DMAudioStreamer,AUDIO,https://github.com/dibakarece/DMAudioStreamer
Android Audio recorder,AUDIO,https://github.com/Arjun-sna/Android-AudioRecorder-App
MusicX Music Player,AUDIO,https://github.com/RajneeshSingh007/MusicX-music-player
Audio Recorder Button,AUDIO,https://github.com/safetysystemtechnology/audio-recorder-button
Noise FFT,AUDIO,https://github.com/paramsen/noise
VokaturiAndroid,AUDIO,https://github.com/alshell7/VokaturiAndroid
Orin Music Player,AUDIO,https://github.com/aliumujib/Orin
Android Playlist File Parser,AUDIO,https://github.com/saschpe/android-pls-parser
Shuttle,AUDIO,https://github.com/timusus/Shuttle
Prodigal Music Player,AUDIO,https://github.com/SpongeBobSun/Prodigal
Dhwani,AUDIO,https://github.com/bansalayush/Dhwani
Wave File Generator,AUDIO,https://github.com/bansalayush/WaveFileGenerator
TrackSearcher,AUDIO,https://github.com/elisov/TrackSearcher
RecordWave,AUDIO,https://github.com/CarGuo/RecordWave
Eleven-Reloaded,AUDIO,https://github.com/softopers/Eleven-Reloaded
HybridMediaPlayer,AUDIO,https://github.com/mkaflowski/HybridMediaPlayer
Jockey,AUDIO,https://github.com/marverenic/Jockey
JcPlayer,AUDIO,https://github.com/jeancsanchez/JcPlayer
Audiogram,AUDIO,https://github.com/alxrm/audiowave-progressbar
Soundify,AUDIO,https://github.com/raphaelfuchter/Soundify
Call Recorder,AUDIO,https://github.com/aykuttasil/CallRecorder
PremoFM,AUDIO,https://github.com/evanhalley/premofm
Stylish Music Player,AUDIO,https://github.com/ryanhoo/StylishMusicPlayer
AndroidAudioConverter,AUDIO,https://github.com/adrielcafe/AndroidAudioConverter
Pasta-Music,AUDIO,https://github.com/fennifith/Pasta-Music
MidiDroid,AUDIO,https://github.com/pdrogfer/MidiDroid
AndroidAudioRecorder,AUDIO,https://github.com/adrielcafe/AndroidAudioRecorder
OmRecorder,AUDIO,https://github.com/kailash09dabhi/OmRecorder
ReactiveAudioRecord,AUDIO,https://github.com/ahmedrizwan/ReactiveAudioRecord
Music Player,AUDIO,https://github.com/andremion/Music-Player
Zentone,AUDIO,http://nisrulz.github.io/zentone
DMPlayer,AUDIO,https://github.com/dibakarece/DMPlayer
RxAndroidAudio,AUDIO,https://github.com/Piasy/RxAndroidAudio
soundtransform,AUDIO,https://github.com/libetl/soundtransform
AudioPlayerView,AUDIO,https://github.com/HugoMatilla/AudioPlayerView
Talk,AUDIO,https://github.com/PDDStudio/Talk
Audio Waves,AUDIO,https://github.com/FireZenk/AudioWaves
PodListen,AUDIO,https://github.com/einmalfel/PodListen
GEM Player,AUDIO,https://github.com/SubstanceMobile/GEM
opencore-amr-android,AUDIO,https://github.com/kevinho/opencore-amr-android
Auro,AUDIO,https://github.com/architjn/Auro
RadioPlayerService,AUDIO,https://github.com/iammert/RadioPlayerService
Pindrop,AUDIO,https://github.com/google/pindrop
Android MIDI Library,AUDIO,https://github.com/LeffelMania/android-midi-lib
TarsosDSP,AUDIO,https://github.com/JorenSix/TarsosDSP
Minim-Android,AUDIO,https://github.com/DASAR/Minim-Android
audiostream-metadata-retriever,AUDIO,https://github.com/vsmaks/audiostream-metadata-retriever
AndroidOggStreamPlayer,AUDIO,https://github.com/radzio/AndroidOggStreamPlayer
OpenPlayer,AUDIO,https://github.com/audionowdigital/openplayer-android
JamsMusicPlayer,AUDIO,https://github.com/psaravan/JamsMusicPlayer
RhombusLib,AUDIO,https://github.com/sshipman/RhombusLib
libpulse-android,AUDIO,https://github.com/hchapman/libpulse-android
Android Visualizer,AUDIO,https://github.com/felixpalmer/android-visualizer
Vanilla,AUDIO,https://github.com/kreed/vanilla
TurtlePlayer,AUDIO,https://github.com/eddturtle/TurtlePlayer
tomahawk-android,AUDIO,https://github.com/tomahawk-player/tomahawk-android
PlayerHater,AUDIO,https://github.com/PRX/PlayerHater
Patchfield,AUDIO,https://github.com/google/patchfield
Audio Wife,AUDIO,https://github.com/jaydeepw/audio-wife
aacdecoder-android,AUDIO,https://github.com/vbartacek/aacdecoder-android
BlueFlow,BLUETOOTH,https://github.com/ThanosFisherman/BlueFlow
Android Home Control Client,BLUETOOTH,https://github.com/fartem/android-remote-temperature-control-client
Thermal Printer Helper,BLUETOOTH,https://github.com/barisatalay/thermalprinterhelper
Bluetooth Scanning,BLUETOOTH,https://github.com/manishkummar21/bluetoothscanning
BluetoothHelper,BLUETOOTH,https://github.com/tlgbltcn/BluetoothHelper
Printooth,BLUETOOTH,https://github.com/mazenrashed/Printooth
Android Ble Library,BLUETOOTH,https://github.com/EmKsolandroid/ble
BluetoothKit,BLUETOOTH,https://github.com/sirvar/bluetoothkit-android
SimpleBle,BLUETOOTH,https://github.com/ederdoski/SimpleBle
BluetoothDebug,BLUETOOTH,https://github.com/alt236/bluetoothdebug
BleGattCoroutines,BLUETOOTH,https://github.com/Beepiz/BleGattCoroutines
Easy Bluetooth,BLUETOOTH,https://github.com/NewtronLabs/EasyBluetooth
MagicLight Controller,BLUETOOTH,https://github.com/skydoves/MagicLight-Controller
Android Bluetooth Library,BLUETOOTH,https://github.com/douglasjunior/AndroidBluetoothLibrary
Bluetooth Filter,BLUETOOTH,https://github.com/NewtronLabs/BluetoothFilter
RxBeacon,BLUETOOTH,https://github.com/florent37/RxBeacon
NeatLE,BLUETOOTH,https://github.com/inovait/neatle
SmartDeviceLink for Android,BLUETOOTH,https://github.com/smartdevicelink/sdl_android
Bleep,BLUETOOTH,https://github.com/tamir7/Bleep
RxBluetoothAuto,BLUETOOTH,https://github.com/tawaasalage/RxBluetoothAuto
Blueteeth,BLUETOOTH,https://github.com/RobotPajamas/Blueteeth
RxAndroidBle,BLUETOOTH,https://github.com/Polidea/RxAndroidBle
LMBluetoothSdk,BLUETOOTH,https://github.com/whilu/LMBluetoothSdk
BlueDuff,BLUETOOTH,https://github.com/Marchuck/BlueDuff
RxBluetooth,BLUETOOTH,https://github.com/IvBaranov/RxBluetooth
ReactiveBeacons,BLUETOOTH,https://github.com/pwittchen/ReactiveBeacons
fb-android-bluetooth,BLUETOOTH,https://github.com/adennie/fb-android-bluetooth
BluetoothViewer,BLUETOOTH,https://github.com/janosgyerik/bluetoothviewer
Android Multi Bluetooth Library,BLUETOOTH,https://arissa34.github.io/Android-Multi-Bluetooth-Library
Android Smooth Bluetooth,BLUETOOTH,https://github.com/palaima/AndroidSmoothBluetooth
SimpleBluetoothLibrary,BLUETOOTH,https://github.com/DeveloperPaul123/SimpleBluetoothLibrary
Blue2Serial,BLUETOOTH,https://github.com/MacroYau/Blue2Serial
SmartGattLib,BLUETOOTH,https://github.com/movisens/SmartGattLib
Bluetooth LE Library for Android,BLUETOOTH,https://github.com/alt236/Bluetooth-LE-Library---Android
android-btxfr,BLUETOOTH,https://github.com/simonguest/android-btxfr
Android-BluetoothSPPLibrary,BLUETOOTH,https://github.com/akexorcist/Android-BluetoothSPPLibrary
Android Bluetooth Library,BLUETOOTH,https://github.com/arissa34/Android-Bluetooth-Library
CoLocation,LOCATION,https://github.com/patloew/CoLocation
EasyLocation,LOCATION,https://github.com/robinkrsingh/EasyLocation
EasyWayLocation,LOCATION,https://github.com/prabhat1707/EasyWayLocation
AddressPicker,LOCATION,https://github.com/BilalSiddiqui/AddressPicker
Geolocator,LOCATION,https://github.com/exozet/Geolocator
HRCarMarkerAnimation,LOCATION,https://github.com/TecOrb-Developers/HRCarMarkerAnimation
AutocompleteLocationAndroid,LOCATION,https://github.com/jesualex/AutocompleteLocationAndroid
LocationPicker,LOCATION,https://github.com/shivpujan12/LocationPicker
GeoLocator-Android,LOCATION,https://github.com/AravindVijay7/GeoLocator-Android
LocationProvider,LOCATION,https://github.com/david-serrano/locationprovider
johnnylambada-location,LOCATION,https://github.com/johnnylambada/johnnylambada-location
DmgLocationUtils,LOCATION,https://github.com/DMGDesignUK/DmgLocationUtils
LocationLiveData,LOCATION,https://github.com/emreeran/LocationLiveData
Locationmanager,LOCATION,https://github.com/grumpyshoe/android-module-locationmanager
GPSTracker,LOCATION,https://github.com/ankitdubey021/GPSTracker
LocationAware,LOCATION,https://github.com/Arjun-sna/LocationAware/tree/master
Locgetter,LOCATION,https://github.com/titanium-codes/LocGetter
FusedBulb,LOCATION,https://github.com/ankuryadav7/FusedBulb
RxGps,LOCATION,https://github.com/florent37/RxGps
Nibo,LOCATION,https://github.com/aliumujib/Nibo
GeoFirebase,LOCATION,https://github.com/cutiko/GeoFirebase
SimpleLocationGetter,LOCATION,https://github.com/Skullper/SimpleLocationGetter
HyperTrack Live,LOCATION,https://github.com/hypertrack/hypertrack-live-android
location-tracker-background,LOCATION,https://github.com/safetysystemtechnology/location-tracker-background
Phone tracker,LOCATION,https://github.com/fooock/phone-tracker
Android-RxLocationSettings,LOCATION,https://github.com/JetradarMobile/android-rxlocationsettings
GpsDetector,LOCATION,https://github.com/Pulimet/GpsDetector-Library
Android-EasyLocation,LOCATION,https://github.com/akhgupta/Android-EasyLocation
Location track library,LOCATION,https://github.com/mohanmanu484/Location-track-library
RxLocation,LOCATION,https://github.com/patloew/RxLocation
SamLocationAndGeocoding,LOCATION,https://github.com/kingsammalik/SamLocationAndGeocoding
RxGpsService,LOCATION,https://github.com/miguelbcr/RxGpsService
Leku,LOCATION,https://github.com/AdevintaSpain/Leku
RxGeoFence,LOCATION,https://github.com/esafirm/android-rxgeofence
PhoneNumber,LOCATION,https://github.com/xdtianyu/PhoneNumber
RxLocationManager,LOCATION,https://github.com/Zellius/RxLocationManager
LocationManager,LOCATION,https://github.com/yayaa/LocationManager
GooglePlayServiceLocationSupport,LOCATION,https://github.com/akashjaindev/GooglePlayServiceLocationSupport
Flank Location,LOCATION,https://github.com/VigneshPeriasami/flanklocation
GeoIp-android,LOCATION,https://github.com/seventhmoon/IpApi-retrofit
Android GPX Parser,LOCATION,https://github.com/ticofab/android-gpx-parser
Google-Directions-Android,LOCATION,https://github.com/jd-alexander/Google-Directions-Android
android-location-tracker,LOCATION,https://github.com/quentin7b/android-location-tracker
OpenLocationCodes,LOCATION,https://github.com/shkschneider/android_OpenLocationCodes
GoogleDirection,LOCATION,https://github.com/akexorcist/Android-GoogleDirectionLibrary
google-places-api-java,LOCATION,https://github.com/windy1/google-places-api-java
Smart Location Library,LOCATION,https://github.com/mrmans0n/smart-location-lib
geo,LOCATION,https://github.com/davidmoten/geo
Android-ReactiveLocation,LOCATION,https://github.com/mcharmas/Android-ReactiveLocation
Localized,LOCALIZATION,https://github.com/agarasul/Localized
AppLocale,LOCALIZATION,https://github.com/B3nedikt/AppLocale
SearchPlaceBox,LOCALIZATION,https://github.com/iFr0z/SearchPlaceBox
Linguist Services,LOCALIZATION,https://linguist.klimaszewski.mobi/
goloc,LOCALIZATION,https://github.com/s0nerik/goloc
LocaleText,LOCALIZATION,https://github.com/metalurgus/LocaleText
LocaleChanger,LOCALIZATION,https://github.com/franmontiel/LocaleChanger
Rosetta,LOCALIZATION,https://github.com/ahmedaljazzar/rosetta
Localization,LOCALIZATION,https://github.com/akexorcist/Android-Localization
AndroidAppTranslate,LOCALIZATION,https://github.com/javierpe/AndroidAppTranslate
MobileStringsToolkit,LOCALIZATION,https://github.com/ezaquarii/MobileStringsToolkit
Twine,LOCALIZATION,https://github.com/mobiata/twine
android-localization-helper,LOCALIZATION,https://github.com/jordanjoz1/android-localization-helper
Android Localization Helper,LOCALIZATION,https://github.com/4e6/android-localization-helper
CuXtomCam,CAMERA,https://github.com/krazykira/CuXtomCam
MagicalCamera,CAMERA,https://github.com/fabian7593/MagicalCamera
RxCamera,CAMERA,https://github.com/ragnraok/RxCamera
StickerCamera,CAMERA,https://github.com/Skykai521/StickerCamera
EasyCamera,CAMERA,https://github.com/Glamdring/EasyCamera
SquareCamera,CAMERA,https://github.com/boxme/SquareCamera
CameraModule,CAMERA,https://github.com/Yalantis/CameraModule
Telecine,CAMERA,https://github.com/JakeWharton/Telecine
LandscapeVideoCamera,CAMERA,https://github.com/JeroenMols/LandscapeVideoCamera
L Camera,CAMERA,https://github.com/PkmX/lcamera
Android-Camera-Example,CAMERA,https://github.com/josnidhin/Android-Camera-Example
android-webcam,CAMERA,https://github.com/openxc/android-webcam
OpenCamera,CAMERA,https://github.com/almalence/OpenCamera
CamView,CAMERA,https://github.com/LivotovLabs/CamView
Wizard Camera,CAMERA,https://github.com/AlShevelev/WizardCamera
EasyCam,CAMERA,https://github.com/BalakrishnanPT/EasyCam
HiddenCamera,CAMERA,https://github.com/CottaCush/HiddenCam
PhotoBarcode,CAMERA,https://github.com/ivan200/PhotoBarcode
TrackEyes,CAMERA,https://github.com/Pradyuman7/TrackEyes
Retum Scanner,CAMERA,https://github.com/rehmanmuradali/retum.scanner
CameraViewEx,CAMERA,https://github.com/pvasa/cameraview-ex
DcCam,CAMERA,https://github.com/GitEliteNovice/CustomCamera
CameraRecorder-android,CAMERA,https://github.com/MasayukiSuda/CameraRecorder-android
Camera,CAMERA,https://github.com/duanhong169/Camera
Custom Camera,CAMERA,https://aliwaris0572.github.io/CustomCamera/
LiveEdgeDetection,CAMERA,https://github.com/adityaarora1/LiveEdgeDetection
Camera Touch Button,CAMERA,https://github.com/safetysystemtechnology/camera-touch-button
Heart-Rate-Ometer,CAMERA,https://github.com/kibotu/Heart-Rate-Ometer
CameraViewPlus,CAMERA,https://github.com/siralam/CameraViewPlus
CameraView,CAMERA,https://github.com/google/cameraview
AndroidVisionPipeline,CAMERA,https://github.com/Credntia/AndroidVisionPipeline
Lantern,CAMERA,https://github.com/nisrulz/lantern
ExcuseMe,PERMISSIONS,https://github.com/AraujoJordan/ExcuseMe
Permissions Flow,PERMISSIONS,https://github.com/innfinity-am/PermissionsFlow
PowerPermission,PERMISSIONS,https://github.com/underwindfall/PowerPermission
Sheriff,PERMISSIONS,https://github.com/IamIsPra/Sheriff
PermissionUtils,PERMISSIONS,https://github.com/rkk001/PermissionUtils
eazypermissions,PERMISSIONS,https://github.com/sagar-viradiya/eazypermissions
EasyPermission,PERMISSIONS,https://github.com/devaboodyas/EasyPermission
StartaskPermissions,PERMISSIONS,https://github.com/illiashenkoo/startask-permissions
PermissionHandler,PERMISSIONS,https://github.com/Rizlee/PermissionHandler
Kotlin Fudi Permission,PERMISSIONS,https://github.com/romellfudi/KotlinFudiPermission
PermissionMadeEasy,PERMISSIONS,https://github.com/TheSomeshKumar/PermissionMadeEasy
MrButler,PERMISSIONS,https://github.com/JetradarMobile/mrbutler
KotlinPermissions,PERMISSIONS,https://github.com/superjobru/kotlin-permissions
MayI,PERMISSIONS,https://github.com/ThanosFisherman/MayI
PermissionLiveData,PERMISSIONS,https://github.com/emreeran/PermissionLiveData
Fudi Permissions,PERMISSIONS,https://github.com/romellfudi/FudiPermission
Permissionmanager,PERMISSIONS,https://github.com/grumpyshoe/android-module-permissionmanager
Runtime Permission,PERMISSIONS,https://github.com/keshavmix/RuntimePermission
AutoPermissions,PERMISSIONS,https://github.com/pedroSG94/AutoPermissions
Peko,PERMISSIONS,https://github.com/deva666/Peko
Permission Bitte,PERMISSIONS,https://github.com/sensorberg/permission-bitte
PermissionsKt,PERMISSIONS,https://github.com/sembozdemir/PermissionsKt
Permission Requester,PERMISSIONS,https://github.com/tankery/permission-requester
KPermissions,PERMISSIONS,https://github.com/Fondesa/KPermissions
Requirements*,PERMISSIONS,https://github.com/noties/Requirements
advancedPermissionHandler,PERMISSIONS,https://github.com/mahdit83/advancedPermissionHandler
EasyRuntimePermission,PERMISSIONS,https://github.com/shaz-tech/EasyRuntimePermission
android-permissions,PERMISSIONS,https://github.com/nishkarsh/android-permissions
EzPermission,PERMISSIONS,https://github.com/ezaquarii/EzPermission
NoPermission,PERMISSIONS,https://github.com/NoNews/NoPermission
PermissionsWrapper,PERMISSIONS,https://github.com/lolucosmin/PermissionsWrapper
Permission,PERMISSIONS,https://github.com/karanchuri/PermissionManager
EffortlessPermissions,PERMISSIONS,https://github.com/zhanghai/EffortlessPermissions
EasyPermissions,PERMISSIONS,https://github.com/googlesamples/easypermissions
Android permission checker app,PERMISSIONS,https://github.com/Arjun-sna/android-permission-checker-app/tree/master
Ask-Permission,PERMISSIONS,https://github.com/Kishanjvaghela/Ask-Permission
permissionUtil,PERMISSIONS,https://github.com/Euzee/permissionUtil
Easy Permissions,PERMISSIONS,https://github.com/NewtronLabs/EasyPermissions
FloatingPermissionCompat,PERMISSIONS,https://github.com/linchaolong/FloatingPermissionCompat
Android Runtime Permission,PERMISSIONS,https://github.com/Sameer-Jani-201/AndroidRuntimePermission
PermissionHelper,PERMISSIONS,https://github.com/firetrap/permissionHelper
Permission helper,PERMISSIONS,https://github.com/nirav-tukadiya/PermissionHelper
Permission Manager,PERMISSIONS,https://github.com/Enlistech/PermissionManager
PermissionsManager,PERMISSIONS,https://github.com/AdamMc331/PermissionsManager
AndroidPermissionX,PERMISSIONS,https://github.com/fccaikai/AndroidPermissionX
Android Permission Check Library,PERMISSIONS,https://github.com/drilonrecica/Android-Permission-Check-Library
Piemissions Utils,PERMISSIONS,https://github.com/HellPie/dev.hellpie.libs.piemissions
Rationale,PERMISSIONS,https://github.com/KingsMentor/Rationale
Simple Permissions,PERMISSIONS,https://github.com/armcha/SimplePermissions
PermissionAcceptor,PERMISSIONS,https://github.com/hp-harsh/PermissionAcceptor-master
EasyPermission,PERMISSIONS,https://github.com/jineshfrancs/EasyPermission
Perm for Android,PERMISSIONS,https://github.com/smart-fun/Perm
Runtime Permission Handler,PERMISSIONS,https://github.com/rajeefmk/runtimepermissionhandler/
Simplify Permission,PERMISSIONS,https://github.com/anshulagarwal06/Simplify-Permissions
Runtime Permissions,PERMISSIONS,https://github.com/karthyks/Runtime-Permissions
Kotlin-Android-Permissions,PERMISSIONS,https://github.com/AnirudhLoya/Kotlin-Android-Permissions-DeviceInfo
RxPermissions,PERMISSIONS,https://github.com/raviteja06/RxPermissions
Permissify,PERMISSIONS,https://github.com/holidaycheck/Permissify
RxMusicPlayer,MEDIA,https://github.com/Orfium/RxMusicPlayer-android
Media Converter Pro,MEDIA,https://github.com/Khang-NT/Android-Media-Converter
MediaResizer,MEDIA,https://github.com/WindSekirun/MediaResizer
Muxing Library,MEDIA,https://github.com/GitEliteNovice/Muxing
medialibrary,MEDIA,https://github.com/mayurkaul/medialibrary
SiliCompressor,MEDIA,https://github.com/Tourenathan-G5organisation/SiliCompressor
IdealMedia music player,MEDIA,https://github.com/dmllr/IdealMedia
Metadata Spherical Injector,MEDIA,https://github.com/pedroSG94/metadata-spherical-injector
Spectaculum,MEDIA,https://github.com/protyposis/Spectaculum
MediaPlayer-Extended,MEDIA,https://github.com/protyposis/MediaPlayer-Extended
ContentManager,MEDIA,https://github.com/stfalcon-studio/ContentManager
360 Video Player for Android,MEDIA,https://github.com/fbsamples/360-video-player-for-android
Amazon ExoPlayer Port,MEDIA,https://github.com/amzn/exoplayer-amazon-port
exoplayer-textureview,MEDIA,https://github.com/satorufujiwara/exoplayer-textureview
MediaFacade,MEDIA,https://github.com/Drivemode/MediaFacade
Playlist Core,MEDIA,https://github.com/brianwernick/PlaylistCore
ExoMedia,MEDIA,https://github.com/brianwernick/ExoMedia
Vineyard,MEDIA,https://github.com/hitherejoe/Vineyard
NewPipe,MEDIA,https://github.com/theScrabi/NewPipe
VideoControllerView,MEDIA,https://github.com/brucetoo/VideoControllerView
android-transcoder,MEDIA,https://github.com/ypresto/android-transcoder
Larix mobile broadcasting SDK,MEDIA,https://wmspanel.com/mobile_library/android
Voice Recording Visualizer,MEDIA,https://github.com/tyorikan/voice-recording-visualizer
FFmpegMediaMetadataRetriever,MEDIA,https://github.com/wseemann/FFmpegMediaMetadataRetriever
URLMediaPlayer,MEDIA,https://github.com/avafab/URLMediaPlayer
YouTubePlayerActivity,MEDIA,https://github.com/TheFinestArtist/YouTubePlayerActivity
OpenSLMediaPlayer,MEDIA,https://github.com/h6ah4i/android-openslmediaplayer
Mizuu,MEDIA,https://github.com/MizzleDK/Mizuu
AndroidRecording,MEDIA,https://github.com/steelkiwi/AndroidRecording
ExoPlayer,MEDIA,https://github.com/google/ExoPlayer
RxDrive,CLOUD STORAGES,https://github.com/francescocervone/RxDrive
Syncthing,CLOUD STORAGES,https://github.com/syncthing/syncthing
OneDrive-Picker-Android,CLOUD STORAGES,https://github.com/OneDrive/OneDrive-Picker-Android
Google Drive,CLOUD STORAGES,https://developers.google.com/drive/android
Driven,CLOUD STORAGES,https://github.com/bingzer/driven
SnapTimePicker,DATE & TIME PICKERS,https://github.com/akexorcist/Android-SnapTimePicker
CustomDateTimePicker,DATE & TIME PICKERS,https://github.com/noowenz/CustomDateTimePicker
timelineview-v2,DATE & TIME PICKERS,https://github.com/andob/timelineview-v2
SingleRowCalendar,DATE & TIME PICKERS,https://github.com/miso01/SingleRowCalendar
CPicker (CalendarPicker),DATE & TIME PICKERS,https://github.com/andrewjapar/rangedatepicker
Vertical Scroll Calendar,DATE & TIME PICKERS,https://github.com/emcthye/VerticalCalendar
HR-Vertical-Calender,DATE & TIME PICKERS,https://github.com/TecOrb-Developers/HR-Vertical-Calender
Date Picker Timeline,DATE & TIME PICKERS,https://github.com/101Loop/DatePickerTimeline
JRDateTimePicker,DATE & TIME PICKERS,https://github.com/jrizani/JRDateTimePicker
TimePickerCompact,DATE & TIME PICKERS,https://github.com/iFr0z/TimePickerCompact
PrimeCalendar,DATE & TIME PICKERS,https://github.com/aminography/PrimeCalendar
PrimeDatePicker,DATE & TIME PICKERS,https://github.com/aminography/PrimeDatePicker
Classic Material TimePicker,DATE & TIME PICKERS,https://github.com/michaldrabik/classicmaterialtimepicker
CalendarView,DATE & TIME PICKERS,https://github.com/kizitonwose/CalendarView
DateRangePicker,DATE & TIME PICKERS,https://github.com/savvisingh/DateRangePicker
Azan,DATE & TIME PICKERS,https://github.com/ahmedeltaher/Azan
HmsPickerView,DATE & TIME PICKERS,https://github.com/DeweyReed/HmsPickerView
Business Hours Picker,DATE & TIME PICKERS,https://github.com/bashizip/business-hours-picker
Time Range Picker,DATE & TIME PICKERS,https://github.com/dvird/timerangepicker
EventCalender,DATE & TIME PICKERS,https://github.com/mahimrocky/EventCalender/
BottomSheetTimeRangePicker,DATE & TIME PICKERS,https://github.com/adawoud/BottomSheetTimeRangePicker
SlyCalendarView,DATE & TIME PICKERS,https://github.com/psinetron/slycalendarview
Sleep Schedule Picker,DATE & TIME PICKERS,https://github.com/AppSci/SleepTimePicker
WeekDaySelector,DATE & TIME PICKERS,https://github.com/mahimrocky/WeekDaySelector
SwipePicker,DATE & TIME PICKERS,https://github.com/m4xp1/SwipePicker
Horizontal Calendar View,DATE & TIME PICKERS,https://github.com/mybringback22/HorizontalCalendarView-Android-
LazyDatePicker,DATE & TIME PICKERS,https://github.com/lopspower/LazyDatePicker
Calendar Date Range Picker,DATE & TIME PICKERS,https://github.com/ArchitShah248/CalendarDateRangePicker
Collapsible-Calendar-View-Android,DATE & TIME PICKERS,https://github.com/shrikanth7698/Collapsible-Calendar-View-Android
SectionCalendarView,DATE & TIME PICKERS,https://github.com/WindSekirun/SectionCalendarView
ScrollHmsPicker,DATE & TIME PICKERS,https://github.com/DeweyReed/ScrollHmsPicker
Range Time Picker Dialog,DATE & TIME PICKERS,https://github.com/PuffoCyano/Range-Time-Picker-Dialog
HmsPicker,DATE & TIME PICKERS,https://github.com/DeweyReed/HmsPicker
MeowDateTimePicker,DATE & TIME PICKERS,https://github.com/oneHamidreza/MeowDateTimePicker
Simple Date Picker,DATE & TIME PICKERS,https://github.com/congfandi/simpleDatePicker
Recurrence Picker,DATE & TIME PICKERS,https://github.com/maltaisn/recurpickerlib
Calendar Picker,DATE & TIME PICKERS,https://github.com/maxyou/CalendarPicker
AlmostMaterialDatepicker,DATE & TIME PICKERS,https://github.com/shagiz/AlmostMaterialDatepicker
SpinnerDatePicker,DATE & TIME PICKERS,https://github.com/drawers/SpinnerDatePicker
Linear Time Picker,DATE & TIME PICKERS,https://github.com/code-mc/linear-time-picker
ScrollCalendar,DATE & TIME PICKERS,https://github.com/RafalManka/ScrollCalendar
CosmoCalendar,DATE & TIME PICKERS,https://github.com/AppliKeySolutions/CosmoCalendar
CustomizableCalendar,DATE & TIME PICKERS,https://github.com/MOLO17/CustomizableCalendar
PersianDate,DATE & TIME PICKERS,https://github.com/samanzamani/PersianDate
DatePicker Timeline,DATE & TIME PICKERS,https://github.com/badoualy/datepicker-timeline
NumberPadTimePicker,DATE & TIME PICKERS,https://github.com/philliphsu/NumberPadTimePicker
EasyCalendar,DATE & TIME PICKERS,https://github.com/shichaohui/EasyCalendar
CalendarView,DATE & TIME PICKERS,https://github.com/mahendramahi/CalendarView
MyDynamicCalendar,DATE & TIME PICKERS,https://github.com/developerVatsal/MyDynamicCalendarExample
CustomCalendar,DATE & TIME PICKERS,https://github.com/ifucolo/Custom-Calendar-View-Android
Persian Calendar View,DATE & TIME PICKERS,https://github.com/mirrajabi/persian-calendar-view
HorizontalPicker,DATE & TIME PICKERS,https://github.com/jhonnyx2012/HorizontalPicker
OneCalendarView,DATE & TIME PICKERS,https://github.com/the-meedu-app/OneCalendarView
Calendar View,DATE & TIME PICKERS,https://github.com/sickmartian/CalendarView
PersianDatePicker,DATE & TIME PICKERS,https://github.com/alibehzadian/PersianDatePicker
Persian Date Picker Dialog,DATE & TIME PICKERS,https://github.com/aliab/Persian-Date-Picker-Dialog
Horizontal Calendar,DATE & TIME PICKERS,https://github.com/Mulham-Raee/Horizontal-Calendar
DateTimePickerEditText,DATE & TIME PICKERS,https://github.com/BlackBoxVision/datetimepicker-edittext
DateTimeRangePicker,DATE & TIME PICKERS,https://github.com/skedgo/DateTimeRangePicker
SingleDateAndTimePicker,DATE & TIME PICKERS,https://github.com/florent37/SingleDateAndTimePicker
Cadar,DATE & TIME PICKERS,https://github.com/memfis19/Cadar
CircleAlarmTimerView,DATE & TIME PICKERS,https://github.com/yingLanNull/CircleAlarmTimerView
DateRangePicker,DATE & TIME PICKERS,https://github.com/yesidlazaro/DateRangePicker
LightCalendarView,DATE & TIME PICKERS,https://github.com/recruit-mp/LightCalendarView
SwitchDateTimePicker,DATE & TIME PICKERS,https://github.com/Kunzisoft/Android-SwitchDateTimePicker
BottomSheetPickers,DATE & TIME PICKERS,https://github.com/philliphsu/BottomSheetPickers
DateTimeSeer,DATE & TIME PICKERS,https://github.com/p-v/DateTimeSeer
android-calendar-view,DATE & TIME PICKERS,https://github.com/myjoybar/android-calendar-view
RetainedDateTimePickers,DATE & TIME PICKERS,https://github.com/k0shk0sh/RetainedDateTimePickers
HorizontalExpandableCalendar-Android,DATE & TIME PICKERS,https://github.com/sulo61/HorizontalExpandableCalendar-Android
CustomCalendar,DATE & TIME PICKERS,https://github.com/Riontech/CustomCalendar
CalendarView,DATE & TIME PICKERS,https://github.com/henry-newbie/CalendarView
GregorianLunarCalendar,DATE & TIME PICKERS,https://github.com/Carbs0126/GregorianLunarCalendar
Material DateTime Picker,DATE & TIME PICKERS,https://github.com/wdullaer/MaterialDateTimePicker
TimePickerDialog,DATE & TIME PICKERS,https://github.com/JZXiang/TimePickerDialog
CompactCalendarView,DATE & TIME PICKERS,https://github.com/SundeepK/CompactCalendarView
dialTimePicker,DATE & TIME PICKERS,https://github.com/ugurtekbas/dialTimePicker
WeekDatePicker,DATE & TIME PICKERS,https://github.com/blazsolar/WeekDatePicker
clean-simple-calendar,DATE & TIME PICKERS,https://github.com/dpreussler/clean-simple-calendar
WeekCalendar,DATE & TIME PICKERS,https://github.com/nomanr/WeekCalendar
Material Weekdays Buttons Bar,DATE & TIME PICKERS,https://github.com/TouchBoarder/weekdays-buttons-bar
PickView,DATE & TIME PICKERS,https://github.com/brucetoo/PickView
AgendaCalendarView,DATE & TIME PICKERS,https://github.com/Tibolte/AgendaCalendarView
Material Calendar View,DATE & TIME PICKERS,https://github.com/SAMSistemas/MaterialCalendarView
RWeekCalendar,DATE & TIME PICKERS,https://github.com/rameshvoltella/RWeekCalendar
MaterialDateRangePicker,DATE & TIME PICKERS,https://github.com/heysupratim/MaterialDateRangePicker
mCalendarView,DATE & TIME PICKERS,https://github.com/SpongeBobSun/mCalendarView
FaceDetector,FACE RECOGNITION,https://github.com/RedApparat/FaceDetector
GlideFaceDetectionTransformation,FACE RECOGNITION,https://github.com/aryarohit07/GlideFaceDetectionTransformation
PicassoFaceDetectionTransformation,FACE RECOGNITION,https://github.com/aryarohit07/PicassoFaceDetectionTransformation
WoodyFaceDetection,FACE RECOGNITION,https://github.com/blundell/WoodyFaceDetection
Masaccio,FACE RECOGNITION,https://github.com/Subito-it/Masaccio
Flyway,DATABASE,https://github.com/flyway/flyway
SQLBrite,DATABASE,https://github.com/square/sqlbrite
Android SQLite support library,DATABASE,https://github.com/requery/sqlite-android
Kissme,DATABASE,https://github.com/netguru/Kissme
Satchel,DATABASE,https://github.com/adrielcafe/satchel
EasiestSqlLibrary,DATABASE,https://github.com/p32929/EasiestSqlLibrary
android-db-commons,DATABASE,https://github.com/futuresimple/android-db-commons
PufferDB,DATABASE,https://github.com/adrielcafe/PufferDB
SQLite To Excel,DATABASE,https://github.com/androidmads/SQLite2XL/
GreenDaoUpgradeHelper,DATABASE,https://github.com/yuweiguocn/GreenDaoUpgradeHelper
CursorMerger,DATABASE,https://github.com/ajaysahani/CursorMerger
DbSync,DATABASE,https://github.com/claudiodegio/dbsync
RoomAsset,DATABASE,https://github.com/humazed/RoomAsset
RoomDatabaseBackupAndRestore,DATABASE,https://github.com/salehyarahmadi/RoomDatabaseBackupAndRestore
Android schema utils,DATABASE,https://github.com/futuresimple/android-schema-utils
dbdump,DATABASE,https://github.com/triveous/dbdump
android-spatialite,DATABASE,https://github.com/sevar83/android-spatialite
Android SQLiteAssetHelper,DATABASE,https://github.com/jgilfelt/android-sqlite-asset-helper
SQLiteImpEx,DATABASE,https://github.com/androidmads/SQLiteImporterExporter
SQLiteMaster,DATABASE,https://github.com/futuresimple/sqlitemaster
Easy Data Sorage,DATABASE,https://github.com/neeloyghosh1990/EasyDataStorage
Thneed,DATABASE,https://github.com/chalup/thneed
android-lazyloading-cursor,DATABASE,https://github.com/esmasui/android-lazyloading-cursor
DBTools Generator,DATABASE,https://github.com/jeffdcamp/dbtools-gen
DbExporterHelper,DATABASE,https://github.com/prabhat1707/DbExporterHelper
Squeaky,DATABASE,https://github.com/jasonwyatt/squeaky-android
NexusData,DATABASE,https://github.com/dkharrat/NexusData
DBFlowManager Hyperion Plugin,DATABASE,https://github.com/wajahatkarim3/DBFlowManager-Hyperion-Plugin
KSQLite,DATABASE,https://github.com/GuessWho91/KSQLite
RxAndroidOrm,DATABASE,https://github.com/florent37/RxAndroidOrm